Question,Answer,Reference,Method,Disease
A patient with obesity reports feeling judged by healthcare providers. Is this experience associated with avoidance of medical care?,Yes,"Patients with obesity often report feeling stigmatized and judged by healthcare providers, which can lead to avoidance of medical care and poor outcomes.",Ours,obesity
A patient with obesity describes experiencing stigmatization from their healthcare team. Can this stigmatization contribute to poor health outcomes?,Yes,"Patients with obesity often report feeling stigmatized and judged by healthcare providers, which can lead to avoidance of medical care and poor outcomes.",Ours,obesity
A patient with obesity has been avoiding medical appointments. Could feeling judged by healthcare providers be a contributing factor to this avoidance?,Yes,"Patients with obesity often report feeling stigmatized and judged by healthcare providers, which can lead to avoidance of medical care and poor outcomes.",Ours,obesity
A patient with obesity frequently reports feeling stigmatized in healthcare settings. Is this a commonly reported experience among patients with obesity?,Yes,"Patients with obesity often report feeling stigmatized and judged by healthcare providers, which can lead to avoidance of medical care and poor outcomes.",Ours,obesity
A patient with obesity presents with persistent abdominal pain. Should the clinician investigate potential underlying conditions beyond weight-related causes?,Yes,Attributing all health issues solely to a patient's weight can result in misdiagnosis and inadequate treatment of other underlying conditions.,Ours,obesity
A patient with obesity reports chronic fatigue and joint pain. Is it appropriate to attribute these symptoms exclusively to their weight without further evaluation?,No,Attributing all health issues solely to a patient's weight can result in misdiagnosis and inadequate treatment of other underlying conditions.,Ours,obesity
A patient with obesity presents with new-onset headaches. Can attributing this symptom solely to their weight status lead to inadequate treatment?,Yes,Attributing all health issues solely to a patient's weight can result in misdiagnosis and inadequate treatment of other underlying conditions.,Ours,obesity
A patient with obesity complains of shortness of breath. Should the clinician consider only weight reduction as the treatment approach without evaluating other potential causes?,No,Attributing all health issues solely to a patient's weight can result in misdiagnosis and inadequate treatment of other underlying conditions.,Ours,obesity
A patient with obesity presents with persistent cough and shortness of breath. Should the healthcare provider evaluate for underlying cardiopulmonary pathology rather than automatically attributing these symptoms to the patient's weight?,Yes,Healthcare providers should consider a comprehensive evaluation of symptoms rather than automatically attributing them to a patient's weight.,Ours,obesity
A patient with obesity reports chronic knee pain. Is it appropriate for the healthcare provider to assume the pain is solely due to excess weight without further diagnostic evaluation?,No,Healthcare providers should consider a comprehensive evaluation of symptoms rather than automatically attributing them to a patient's weight.,Ours,obesity
A patient with obesity presents with new-onset fatigue and joint pain. Should the healthcare provider conduct a comprehensive evaluation to identify potential underlying causes beyond the patient's weight?,Yes,Healthcare providers should consider a comprehensive evaluation of symptoms rather than automatically attributing them to a patient's weight.,Ours,obesity
A patient with obesity complains of abdominal pain. Is it acceptable for the healthcare provider to dismiss the symptom as weight-related without performing a thorough clinical assessment?,No,Healthcare providers should consider a comprehensive evaluation of symptoms rather than automatically attributing them to a patient's weight.,Ours,obesity
A patient with obesity declines pharmacotherapy for weight loss. Should the provider explore alternative supportive measures with this patient?,Yes,Providers should explore and discuss various supportive measures if a patient is hesitant towards weight loss treatments.,Ours,obesity
A patient with obesity expresses hesitation about starting a weight loss program. Should the provider discuss various supportive measures with this patient?,Yes,Providers should explore and discuss various supportive measures if a patient is hesitant towards weight loss treatments.,Ours,obesity
A patient with obesity presents for initial consultation. Should the clinician adopt a personalized approach rather than prioritizing weight loss above all other considerations?,Yes,Prioritizing weight loss above all else may not address the specific health concerns and needs of each patient. A personalized approach is recommended.,Ours,obesity
A patient with obesity and multiple comorbidities asks if weight loss should be the primary focus of their treatment plan. Is it appropriate to prioritize weight loss above addressing their specific health concerns?,No,Prioritizing weight loss above all else may not address the specific health concerns and needs of each patient. A personalized approach is recommended.,Ours,obesity
A patient with obesity requests a treatment plan that addresses their individual health needs rather than focusing solely on weight reduction. Is this approach supported by current recommendations?,Yes,Prioritizing weight loss above all else may not address the specific health concerns and needs of each patient. A personalized approach is recommended.,Ours,obesity
A patient with obesity has specific health concerns unrelated to weight. Should the clinician's approach address these specific needs rather than making weight loss the sole priority?,Yes,Prioritizing weight loss above all else may not address the specific health concerns and needs of each patient. A personalized approach is recommended.,Ours,obesity
